timeStamp,elapsed,label,responseCode,responseMessage,threadName,dataType,success,failureMessage,bytes,sentBytes,grpThreads,allThreads,URL,Latency,IdleTime,Connect
1732558891109,3532,UC05_01,500,"Number of samples in transaction : 2, number of failing samples : 2",UC05 4-1,,false,,21008,7090,1,2,null,0,64,702
1732558891109,2900,Authe,500,"Number of samples in transaction : 2, number of failing samples : 1",UC05 4-1,,false,,17103,4212,1,2,null,0,57,702
1732558891110,2523,MainPage,200,"Number of samples in transaction : 4, number of failing samples : 0",UC05 4-1,,true,,15520,2520,1,2,null,0,53,702
1732558891154,866,HTTP Sampler page_1__non_title_1_https://www.advantageonlineshopping.com/catalog/api/v1/DemoAppConfig/parameters/by_tool/ALL,200,,UC05 4-1,text,true,,6969,490,1,2,https://www.advantageonlineshopping.com/catalog/api/v1/DemoAppConfig/parameters/by_tool/ALL,865,0,702
1732558892022,165,HTTP Sampler page_1__non_title_2_https://www.advantageonlineshopping.com/accountservice/ws/GetAccountConfigurationRequest,200,,UC05 4-1,text,true,,1570,1082,1,2,https://www.advantageonlineshopping.com/accountservice/ws/GetAccountConfigurationRequest,165,0,0
1732558892189,737,HTTP Sampler page_1__non_title_3_https://www.advantageonlineshopping.com/catalog/api/v1/categories,200,,UC05 4-1,text,true,,6203,464,1,2,https://www.advantageonlineshopping.com/catalog/api/v1/categories,736,0,0
1732558892928,755,HTTP Sampler page_1__non_title_4_https://www.advantageonlineshopping.com/catalog/api/v1/deals/search?dealOfTheDay=true,200,,UC05 4-1,text,true,,778,484,1,2,https://www.advantageonlineshopping.com/catalog/api/v1/deals/search?dealOfTheDay=true,755,0,0
1732558893685,377,Auth,500,"Number of samples in transaction : 2, number of failing samples : 1",UC05 4-1,,false,,1583,1692,1,2,null,0,3,0
1732558893686,199,HTTP Sampler page_1__non_title_1_https://www.advantageonlineshopping.com/accountservice/ws/AccountLoginRequest,200,,UC05 4-1,text,true,,1156,1185,1,2,https://www.advantageonlineshopping.com/accountservice/ws/AccountLoginRequest,198,0,0
1732558893886,178,HTTP Sampler page_1__non_title_2_https://www.advantageonlineshopping.com/order/api/v1/carts/201712642,500,,UC05 4-1,text,false,,427,507,1,2,https://www.advantageonlineshopping.com/order/api/v1/carts/-1,178,0,0
1732558894065,632,Удаление из корзины,500,"Number of samples in transaction : 3, number of failing samples : 3",UC05 4-1,,false,,3905,2878,1,2,null,0,7,0
1732558894065,319,Переход в корзину,500,"Number of samples in transaction : 2, number of failing samples : 1",UC05 4-1,,false,,2345,1011,1,2,null,0,4,0
1732558894066,179,HTTP Sampler page_1__non_title_1_https://www.advantageonlineshopping.com/order/api/v1/carts/201712642,500,,UC05 4-1,text,false,,422,522,1,2,https://www.advantageonlineshopping.com/order/api/v1/carts/-1,179,0,0
1732558894247,140,HTTP Sampler page_1__non_title_2_https://www.advantageonlineshopping.com/app/views/shoppingCart.html,200,,UC05 4-1,text,true,,1923,489,1,2,https://www.advantageonlineshopping.com/app/views/shoppingCart.html,140,0,0
1732558894388,157,Удаление,500,"Number of samples in transaction : 1, number of failing samples : 1",UC05 4-1,,false,,445,681,1,2,null,0,3,0
1732558894390,157,HTTP Sampler page_1__non_title_1_https://www.advantageonlineshopping.com/order/api/v1/carts/201712642/product/24/color/DD3A5B,500,,UC05 4-1,text,false,,445,681,1,2,https://www.advantageonlineshopping.com/order/api/v1/carts/-1/product/24/color/DD3A5B,157,0,0
1732558894548,156,Логаут,500,"Number of samples in transaction : 1, number of failing samples : 1",UC05 4-1,,false,,1115,1186,1,2,null,0,0,0
1732558894548,156,HTTP Sampler page_1__non_title_1_https://www.advantageonlineshopping.com/accountservice/ws/AccountLogoutRequest,500,,UC05 4-1,text,false,,1115,1186,1,2,https://www.advantageonlineshopping.com/accountservice/ws/AccountLogoutRequest,155,0,0
1732558895606,2,pacing5,200,OK,UC05 4-1,text,true,,474,0,1,2,null,0,0,0
1732558895610,3019,UC05_01,500,"Number of samples in transaction : 2, number of failing samples : 2",UC05 4-1,,false,,21003,7090,1,4,null,0,14,299
1732558895610,2403,Authe,500,"Number of samples in transaction : 2, number of failing samples : 1",UC05 4-1,,false,,17104,4212,1,4,null,0,8,299
1732558895610,2068,MainPage,200,"Number of samples in transaction : 4, number of failing samples : 0",UC05 4-1,,true,,15521,2520,1,4,null,0,5,299
1732558895612,440,HTTP Sampler page_1__non_title_1_https://www.advantageonlineshopping.com/catalog/api/v1/DemoAppConfig/parameters/by_tool/ALL,200,,UC05 4-1,text,true,,6974,490,1,2,https://www.advantageonlineshopping.com/catalog/api/v1/DemoAppConfig/parameters/by_tool/ALL,439,0,299
1732558896053,148,HTTP Sampler page_1__non_title_2_https://www.advantageonlineshopping.com/accountservice/ws/GetAccountConfigurationRequest,200,,UC05 4-1,text,true,,1570,1082,1,2,https://www.advantageonlineshopping.com/accountservice/ws/GetAccountConfigurationRequest,148,0,0
1732558896202,750,HTTP Sampler page_1__non_title_3_https://www.advantageonlineshopping.com/catalog/api/v1/categories,200,,UC05 4-1,text,true,,6194,464,1,3,https://www.advantageonlineshopping.com/catalog/api/v1/categories,749,0,0
1732558896953,730,HTTP Sampler page_1__non_title_4_https://www.advantageonlineshopping.com/catalog/api/v1/deals/search?dealOfTheDay=true,200,,UC05 4-1,text,true,,783,484,1,4,https://www.advantageonlineshopping.com/catalog/api/v1/deals/search?dealOfTheDay=true,730,0,0
1732558897683,335,Auth,500,"Number of samples in transaction : 2, number of failing samples : 1",UC05 4-1,,false,,1583,1692,1,4,null,0,3,0
1732558897684,175,HTTP Sampler page_1__non_title_1_https://www.advantageonlineshopping.com/accountservice/ws/AccountLoginRequest,200,,UC05 4-1,text,true,,1156,1185,1,4,https://www.advantageonlineshopping.com/accountservice/ws/AccountLoginRequest,175,0,0
1732558897860,160,HTTP Sampler page_1__non_title_2_https://www.advantageonlineshopping.com/order/api/v1/carts/201712642,500,,UC05 4-1,text,false,,427,507,1,4,https://www.advantageonlineshopping.com/order/api/v1/carts/-1,160,0,0
1732558898021,616,Удаление из корзины,500,"Number of samples in transaction : 3, number of failing samples : 3",UC05 4-1,,false,,3899,2878,1,4,null,0,6,0
1732558898021,298,Переход в корзину,500,"Number of samples in transaction : 2, number of failing samples : 1",UC05 4-1,,false,,2345,1011,1,4,null,0,3,0
1732558898022,161,HTTP Sampler page_1__non_title_1_https://www.advantageonlineshopping.com/order/api/v1/carts/201712642,500,,UC05 4-1,text,false,,422,522,1,4,https://www.advantageonlineshopping.com/order/api/v1/carts/-1,160,0,0
1732558898184,137,HTTP Sampler page_1__non_title_2_https://www.advantageonlineshopping.com/app/views/shoppingCart.html,200,,UC05 4-1,text,true,,1923,489,1,4,https://www.advantageonlineshopping.com/app/views/shoppingCart.html,137,0,0
1732558898322,161,Удаление,500,"Number of samples in transaction : 1, number of failing samples : 1",UC05 4-1,,false,,439,681,1,4,null,0,2,0
1732558898323,161,HTTP Sampler page_1__non_title_1_https://www.advantageonlineshopping.com/order/api/v1/carts/201712642/product/24/color/DD3A5B,500,,UC05 4-1,text,false,,439,681,1,4,https://www.advantageonlineshopping.com/order/api/v1/carts/-1/product/24/color/DD3A5B,161,0,0
1732558898485,157,Логаут,500,"Number of samples in transaction : 1, number of failing samples : 1",UC05 4-1,,false,,1115,1186,1,4,null,0,1,0
1732558898485,157,HTTP Sampler page_1__non_title_1_https://www.advantageonlineshopping.com/accountservice/ws/AccountLogoutRequest,500,,UC05 4-1,text,false,,1115,1186,1,4,https://www.advantageonlineshopping.com/accountservice/ws/AccountLogoutRequest,157,0,0
1732558891062,7903,UC04_01,500,"Number of samples in transaction : 2, number of failing samples : 2",UC04 3-3,,false,,40079,8539,1,4,null,0,126,701
1732558891062,2885,Authe,500,"Number of samples in transaction : 2, number of failing samples : 1",UC04 3-3,,false,,17093,4212,1,2,null,0,113,701
1732558891103,2488,MainPage,200,"Number of samples in transaction : 4, number of failing samples : 0",UC04 3-3,,true,,15510,2520,1,2,null,0,61,701
1732558891154,866,HTTP Sampler page_1__non_title_1_https://www.advantageonlineshopping.com/catalog/api/v1/DemoAppConfig/parameters/by_tool/ALL,200,,UC04 3-3,text,true,,6974,490,1,2,https://www.advantageonlineshopping.com/catalog/api/v1/DemoAppConfig/parameters/by_tool/ALL,865,0,701
1732558892022,163,HTTP Sampler page_1__non_title_2_https://www.advantageonlineshopping.com/accountservice/ws/GetAccountConfigurationRequest,200,,UC04 3-3,text,true,,1570,1082,1,2,https://www.advantageonlineshopping.com/accountservice/ws/GetAccountConfigurationRequest,163,0,0
1732558892188,728,HTTP Sampler page_1__non_title_3_https://www.advantageonlineshopping.com/catalog/api/v1/categories,200,,UC04 3-3,text,true,,6183,464,1,2,https://www.advantageonlineshopping.com/catalog/api/v1/categories,727,0,0
1732558892918,731,HTTP Sampler page_1__non_title_4_https://www.advantageonlineshopping.com/catalog/api/v1/deals/search?dealOfTheDay=true,200,,UC04 3-3,text,true,,783,484,1,2,https://www.advantageonlineshopping.com/catalog/api/v1/deals/search?dealOfTheDay=true,731,0,0
1732558893651,397,Auth,500,"Number of samples in transaction : 2, number of failing samples : 1",UC04 3-3,,false,,1583,1692,1,2,null,0,11,0
1732558893652,219,HTTP Sampler page_1__non_title_1_https://www.advantageonlineshopping.com/accountservice/ws/AccountLoginRequest,200,,UC04 3-3,text,true,,1156,1185,1,2,https://www.advantageonlineshopping.com/accountservice/ws/AccountLoginRequest,219,0,0
1732558893879,178,HTTP Sampler page_1__non_title_2_https://www.advantageonlineshopping.com/order/api/v1/carts/201712642,500,,UC04 3-3,text,false,,427,507,1,2,https://www.advantageonlineshopping.com/order/api/v1/carts/-1,178,0,0
1732558894059,5018,Коризна,500,"Number of samples in transaction : 3, number of failing samples : 1",UC04 3-3,,false,,22986,4327,1,4,null,0,13,0
1732558894059,1711,Выбор категории Спикеры,200,"Number of samples in transaction : 3, number of failing samples : 0",UC04 3-3,,true,,4547,1549,1,2,null,0,4,0
1732558894060,836,HTTP Sampler page_1__non_title_1_https://www.advantageonlineshopping.com/catalog/api/v1/categories/4/products,200,,UC04 3-3,text,true,,2409,537,1,2,https://www.advantageonlineshopping.com/catalog/api/v1/categories/4/products,836,0,0
1732558894898,739,HTTP Sampler page_1__non_title_2_https://www.advantageonlineshopping.com/catalog/api/v1/categories/attributes,200,,UC04 3-3,text,true,,984,522,1,2,https://www.advantageonlineshopping.com/catalog/api/v1/categories/attributes,739,0,0
1732558895638,136,HTTP Sampler page_1__non_title_3_https://www.advantageonlineshopping.com/app/views/category-page.html,200,,UC04 3-3,text,true,,1154,490,1,2,https://www.advantageonlineshopping.com/app/views/category-page.html,136,0,0
1732558895774,3132,Выбор товара HP ,200,"Number of samples in transaction : 4, number of failing samples : 0",UC04 3-3,,true,,17995,2073,1,4,null,0,6,0
1732558895775,1379,HTTP Sampler page_1__non_title_1_https://www.advantageonlineshopping.com/catalog/api/v1/categories/all_data,200,,UC04 3-3,text,true,,11822,535,1,4,https://www.advantageonlineshopping.com/catalog/api/v1/categories/all_data,1378,0,0
1732558897155,778,HTTP Sampler page_1__non_title_2_https://www.advantageonlineshopping.com/catalog/api/v1/products/24,200,,UC04 3-3,text,true,,944,527,1,4,https://www.advantageonlineshopping.com/catalog/api/v1/products/24,778,0,0
1732558897934,835,HTTP Sampler page_1__non_title_3_https://www.advantageonlineshopping.com/catalog/api/v1/categories/4/products,200,,UC04 3-3,text,true,,2411,522,1,4,https://www.advantageonlineshopping.com/catalog/api/v1/categories/4/products,835,0,0
1732558898771,140,HTTP Sampler page_1__non_title_4_https://www.advantageonlineshopping.com/app/views/product-page.html,200,,UC04 3-3,text,true,,2818,489,1,4,https://www.advantageonlineshopping.com/app/views/product-page.html,140,0,0
1732558898912,175,Добавление товара в корзину,500,"Number of samples in transaction : 1, number of failing samples : 1",UC04 3-3,,false,,444,705,1,4,null,0,3,0
1732558898914,175,HTTP Sampler page_1__non_title_1_https://www.advantageonlineshopping.com/order/api/v1/carts/201712642/product/24/color/DD3A5B?quantity=2,500,,UC04 3-3,text,false,,444,705,1,4,https://www.advantageonlineshopping.com/order/api/v1/carts/-1/product/24/color/DD3A5B?quantity=2,175,0,0
1732558899131,1,pacing4,200,OK,UC04 3-3,text,true,,474,0,1,4,null,0,0,0
1732558896980,7033,UC03_01,500,"Number of samples in transaction : 2, number of failing samples : 2",UC03 2-3,,false,,45848,16715,1,4,null,0,26,300
1732558896980,2387,Authe,500,"Number of samples in transaction : 2, number of failing samples : 1",UC03 2-3,,false,,17103,4212,1,4,null,0,10,300
1732558896980,2058,MainPage,200,"Number of samples in transaction : 4, number of failing samples : 0",UC03 2-3,,true,,15525,2520,1,4,null,0,6,300
1732558896983,443,HTTP Sampler page_1__non_title_1_https://www.advantageonlineshopping.com/catalog/api/v1/DemoAppConfig/parameters/by_tool/ALL,200,,UC03 2-3,text,true,,6974,490,1,4,https://www.advantageonlineshopping.com/catalog/api/v1/DemoAppConfig/parameters/by_tool/ALL,443,0,300
1732558897427,149,HTTP Sampler page_1__non_title_2_https://www.advantageonlineshopping.com/accountservice/ws/GetAccountConfigurationRequest,200,,UC03 2-3,text,true,,1570,1082,1,4,https://www.advantageonlineshopping.com/accountservice/ws/GetAccountConfigurationRequest,149,0,0
1732558897577,730,HTTP Sampler page_1__non_title_3_https://www.advantageonlineshopping.com/catalog/api/v1/categories,200,,UC03 2-3,text,true,,6198,464,1,4,https://www.advantageonlineshopping.com/catalog/api/v1/categories,729,0,0
1732558898308,736,HTTP Sampler page_1__non_title_4_https://www.advantageonlineshopping.com/catalog/api/v1/deals/search?dealOfTheDay=true,200,,UC03 2-3,text,true,,783,484,1,4,https://www.advantageonlineshopping.com/catalog/api/v1/deals/search?dealOfTheDay=true,736,0,0
1732558899044,329,Auth,500,"Number of samples in transaction : 2, number of failing samples : 1",UC03 2-3,,false,,1578,1692,1,4,null,0,4,0
1732558899045,170,HTTP Sampler page_1__non_title_1_https://www.advantageonlineshopping.com/accountservice/ws/AccountLoginRequest,200,,UC03 2-3,text,true,,1156,1185,1,4,https://www.advantageonlineshopping.com/accountservice/ws/AccountLoginRequest,170,0,0
1732558899217,159,HTTP Sampler page_1__non_title_2_https://www.advantageonlineshopping.com/order/api/v1/carts/201712642,500,,UC03 2-3,text,false,,422,507,1,4,https://www.advantageonlineshopping.com/order/api/v1/carts/-1,159,0,0
1732558899377,4646,Оплата популярного товара,500,"Number of samples in transaction : 4, number of failing samples : 3",UC03 2-3,,false,,28745,12503,1,4,null,0,16,0
1732558899377,2920,Переход на HP,200,"Number of samples in transaction : 3, number of failing samples : 0",UC03 2-3,,true,,16352,1584,1,4,null,0,2,0
1732558899378,1351,HTTP Sampler page_1__non_title_1_https://www.advantageonlineshopping.com/catalog/api/v1/categories/all_data,200,,UC03 2-3,text,true,,11861,535,1,4,https://www.advantageonlineshopping.com/catalog/api/v1/categories/all_data,1350,0,0
1732558900729,729,HTTP Sampler page_1__non_title_2_https://www.advantageonlineshopping.com/catalog/api/v1/products/10,200,,UC03 2-3,text,true,,1012,527,1,4,https://www.advantageonlineshopping.com/catalog/api/v1/products/10,729,0,0
1732558901458,840,HTTP Sampler page_1__non_title_3_https://www.advantageonlineshopping.com/catalog/api/v1/categories/1/products,200,,UC03 2-3,text,true,,3479,522,1,4,https://www.advantageonlineshopping.com/catalog/api/v1/categories/1/products,839,0,0
1732558902298,163,Добавление в корзину,500,"Number of samples in transaction : 1, number of failing samples : 1",UC03 2-3,,false,,437,705,1,4,null,0,1,0
1732558902299,163,HTTP Sampler page_1__non_title_1_https://www.advantageonlineshopping.com/order/api/v1/carts/199376321/product/10/color/C3C3C3?quantity=3,500,,UC03 2-3,text,false,,437,705,1,4,https://www.advantageonlineshopping.com/order/api/v1/carts/-1/product/10/color/C3C3C3?quantity=3,163,0,0
1732558902462,1094,Переход в корзину,500,"Number of samples in transaction : 7, number of failing samples : 5",UC03 2-3,,false,,9868,6591,1,4,null,0,9,0
1732558902463,160,HTTP Sampler page_1__non_title_1_https://www.advantageonlineshopping.com/order/api/v1/carts/199376321,500,,UC03 2-3,text,false,,427,522,1,4,https://www.advantageonlineshopping.com/order/api/v1/carts/-1,160,0,0
1732558902624,158,HTTP Sampler page_1__non_title_2_https://www.advantageonlineshopping.com/accountservice/ws/GetAccountByIdRequest,500,,UC03 2-3,text,false,,1115,1190,1,4,https://www.advantageonlineshopping.com/accountservice/ws/GetAccountByIdRequest,158,0,0
1732558902783,154,HTTP Sampler page_1__non_title_3_https://www.advantageonlineshopping.com/accountservice/ws/GetAccountByIdNewRequest,500,,UC03 2-3,text,false,,1115,1187,1,4,https://www.advantageonlineshopping.com/accountservice/ws/GetAccountByIdNewRequest,153,0,0
1732558902938,156,HTTP Sampler page_1__non_title_4_https://www.advantageonlineshopping.com/order/api/v1/carts/199376321,500,,UC03 2-3,text,false,,422,507,1,4,https://www.advantageonlineshopping.com/order/api/v1/carts/-1,156,0,0
1732558903095,170,HTTP Sampler page_1__non_title_5_https://www.advantageonlineshopping.com/order/api/v1/shippingcost/,200,,UC03 2-3,text,true,,676,869,1,4,https://www.advantageonlineshopping.com/order/api/v1/shippingcost/,170,0,0
1732558903267,152,HTTP Sampler page_1__non_title_6_https://www.advantageonlineshopping.com/accountservice/ws/GetAccountPaymentPreferencesRequest,500,,UC03 2-3,text,false,,1115,1231,1,4,https://www.advantageonlineshopping.com/accountservice/ws/GetAccountPaymentPreferencesRequest,152,0,0
1732558903420,144,HTTP Sampler page_1__non_title_7_https://www.advantageonlineshopping.com/accountservice/ws/GetCountriesRequest,200,,UC03 2-3,text,true,,4998,1085,1,4,https://www.advantageonlineshopping.com/accountservice/ws/GetCountriesRequest,144,0,0
1732558903565,469,Оплата товара и переход в корзину,500,"Number of samples in transaction : 3, number of failing samples : 3",UC03 2-3,,false,,2088,3623,1,4,null,0,4,0
1732558903566,154,HTTP Sampler page_1__non_title_1_https://www.advantageonlineshopping.com/accountservice/ws/AddMasterCreditMethodRequest,500,,UC03 2-3,text,false,,1236,1366,1,4,https://www.advantageonlineshopping.com/accountservice/ws/AddMasterCreditMethodRequest,154,0,0
1732558903721,158,HTTP Sampler page_1__non_title_2_https://www.advantageonlineshopping.com/order/api/v1/orders/users/199376321,500,,UC03 2-3,text,false,,430,1615,1,4,https://www.advantageonlineshopping.com/order/api/v1/orders/users/-1,158,0,0
1732558903880,157,HTTP Sampler page_1__non_title_3_https://www.advantageonlineshopping.com/order/api/v1/carts/199376321,500,,UC03 2-3,text,false,,422,642,1,4,https://www.advantageonlineshopping.com/order/api/v1/carts/-1,157,0,0
1732558904064,1,pacing3,200,OK,UC03 2-3,text,true,,474,0,1,4,null,0,0,0
1732558896881,7868,UC02_01,500,"Number of samples in transaction : 2, number of failing samples : 2",UC02 1-2,,false,,50597,21282,1,4,null,0,33,300
1732558896881,2394,Authe,500,"Number of samples in transaction : 2, number of failing samples : 1",UC02 1-2,,false,,17107,4212,1,4,null,0,11,300
1732558896882,2061,MainPage,200,"Number of samples in transaction : 4, number of failing samples : 0",UC02 1-2,,true,,15529,2520,1,4,null,0,6,300
1732558896883,453,HTTP Sampler page_1__non_title_1_https://www.advantageonlineshopping.com/catalog/api/v1/DemoAppConfig/parameters/by_tool/ALL,200,,UC02 1-2,text,true,,6974,490,1,4,https://www.advantageonlineshopping.com/catalog/api/v1/DemoAppConfig/parameters/by_tool/ALL,453,0,300
1732558897338,149,HTTP Sampler page_1__non_title_2_https://www.advantageonlineshopping.com/accountservice/ws/GetAccountConfigurationRequest,200,,UC02 1-2,text,true,,1570,1082,1,4,https://www.advantageonlineshopping.com/accountservice/ws/GetAccountConfigurationRequest,149,0,0
1732558897488,740,HTTP Sampler page_1__non_title_3_https://www.advantageonlineshopping.com/catalog/api/v1/categories,200,,UC02 1-2,text,true,,6202,464,1,4,https://www.advantageonlineshopping.com/catalog/api/v1/categories,740,0,0
1732558898230,719,HTTP Sampler page_1__non_title_4_https://www.advantageonlineshopping.com/catalog/api/v1/deals/search?dealOfTheDay=true,200,,UC02 1-2,text,true,,783,484,1,4,https://www.advantageonlineshopping.com/catalog/api/v1/deals/search?dealOfTheDay=true,719,0,0
1732558898949,333,Auth,500,"Number of samples in transaction : 2, number of failing samples : 1",UC02 1-2,,false,,1578,1692,1,4,null,0,4,0
1732558898951,171,HTTP Sampler page_1__non_title_1_https://www.advantageonlineshopping.com/accountservice/ws/AccountLoginRequest,200,,UC02 1-2,text,true,,1156,1185,1,4,https://www.advantageonlineshopping.com/accountservice/ws/AccountLoginRequest,171,0,0
1732558899123,162,HTTP Sampler page_1__non_title_2_https://www.advantageonlineshopping.com/order/api/v1/carts/201712642,500,,UC02 1-2,text,false,,422,507,1,4,https://www.advantageonlineshopping.com/order/api/v1/carts/-1,162,0,0
1732558899286,5474,Покупка спец предложения,500,"Number of samples in transaction : 7, number of failing samples : 6",UC02 1-2,,false,,33490,17070,1,4,null,0,22,0
1732558899286,2904,Переход на спец предложение,200,"Number of samples in transaction : 3, number of failing samples : 0",UC02 1-2,,true,,16396,1583,1,4,null,0,5,0
1732558899287,1346,HTTP Sampler page_1__non_title_1_https://www.advantageonlineshopping.com/catalog/api/v1/categories/all_data,200,,UC02 1-2,text,true,,11835,535,1,4,https://www.advantageonlineshopping.com/catalog/api/v1/categories/all_data,1345,0,0
1732558900635,735,HTTP Sampler page_1__non_title_2_https://www.advantageonlineshopping.com/catalog/api/v1/products/3,200,,UC02 1-2,text,true,,1081,526,1,4,https://www.advantageonlineshopping.com/catalog/api/v1/products/3,735,0,0
1732558901370,823,HTTP Sampler page_1__non_title_3_https://www.advantageonlineshopping.com/catalog/api/v1/categories/1/products,200,,UC02 1-2,text,true,,3480,522,1,4,https://www.advantageonlineshopping.com/catalog/api/v1/categories/1/products,823,0,0
1732558902194,173,Добавление в корзину,500,"Number of samples in transaction : 1, number of failing samples : 1",UC02 1-2,,false,,444,714,1,4,null,0,2,0
1732558902195,173,HTTP Sampler page_1__non_title_1_https://www.advantageonlineshopping.com/order/api/v1/carts/776511328/product/3/color/DD3A5B?quantity=3,500,,UC02 1-2,text,false,,444,714,1,4,https://www.advantageonlineshopping.com/order/api/v1/carts/-1/product/3/color/DD3A5B?quantity=3,173,0,0
1732558902369,173,Переход в корзину,500,"Number of samples in transaction : 1, number of failing samples : 1",UC02 1-2,,false,,427,522,1,4,null,0,1,0
1732558902369,173,HTTP Sampler page_1__non_title_1_https://www.advantageonlineshopping.com/order/api/v1/carts/776511328,500,,UC02 1-2,text,false,,427,522,1,4,https://www.advantageonlineshopping.com/order/api/v1/carts/-1,173,0,0
1732558902543,1106,Кнопка покупки,500,"Number of samples in transaction : 7, number of failing samples : 4",UC02 1-2,,false,,10814,6566,1,4,null,0,6,0
1732558902543,157,HTTP Sampler page_1__non_title_1_https://www.advantageonlineshopping.com/accountservice/ws/GetAccountByIdRequest,500,,UC02 1-2,text,false,,1115,1190,1,4,https://www.advantageonlineshopping.com/accountservice/ws/GetAccountByIdRequest,157,0,0
1732558902701,157,HTTP Sampler page_1__non_title_2_https://www.advantageonlineshopping.com/accountservice/ws/GetAccountByIdNewRequest,500,,UC02 1-2,text,false,,1115,1187,1,4,https://www.advantageonlineshopping.com/accountservice/ws/GetAccountByIdNewRequest,157,0,0
1732558902859,162,HTTP Sampler page_1__non_title_3_https://www.advantageonlineshopping.com/order/api/v1/carts/776511328,500,,UC02 1-2,text,false,,422,507,1,4,https://www.advantageonlineshopping.com/order/api/v1/carts/-1,162,0,0
1732558903022,191,HTTP Sampler page_1__non_title_4_https://www.advantageonlineshopping.com/order/api/v1/shippingcost/,200,,UC02 1-2,text,true,,671,866,1,4,https://www.advantageonlineshopping.com/order/api/v1/shippingcost/,191,0,0
1732558903214,155,HTTP Sampler page_1__non_title_5_https://www.advantageonlineshopping.com/accountservice/ws/GetAccountPaymentPreferencesRequest,500,,UC02 1-2,text,false,,1115,1231,1,4,https://www.advantageonlineshopping.com/accountservice/ws/GetAccountPaymentPreferencesRequest,155,0,0
1732558903370,140,HTTP Sampler page_1__non_title_6_https://www.advantageonlineshopping.com/app/order/views/orderPayment-page.html,200,,UC02 1-2,text,true,,1372,500,1,4,https://www.advantageonlineshopping.com/app/order/views/orderPayment-page.html,140,0,0
1732558903511,144,HTTP Sampler page_1__non_title_7_https://www.advantageonlineshopping.com/accountservice/ws/GetCountriesRequest,200,,UC02 1-2,text,true,,5004,1085,1,4,https://www.advantageonlineshopping.com/accountservice/ws/GetCountriesRequest,143,0,0
1732558903655,493,Обновить инфо пользователя,500,"Number of samples in transaction : 3, number of failing samples : 2",UC02 1-2,,false,,2212,2829,1,4,null,0,3,0
1732558903656,153,HTTP Sampler page_1__non_title_1_https://www.advantageonlineshopping.com/accountservice/ws/AccountUpdateRequest,500,,UC02 1-2,text,false,,1115,1447,1,4,https://www.advantageonlineshopping.com/accountservice/ws/AccountUpdateRequest,153,0,0
1732558903810,159,HTTP Sampler page_1__non_title_2_https://www.advantageonlineshopping.com/order/api/v1/carts/776511328,500,,UC02 1-2,text,false,,422,507,1,4,https://www.advantageonlineshopping.com/order/api/v1/carts/-1,159,0,0
1732558903970,181,HTTP Sampler page_1__non_title_3_https://www.advantageonlineshopping.com/order/api/v1/shippingcost/,200,,UC02 1-2,text,true,,675,875,1,4,https://www.advantageonlineshopping.com/order/api/v1/shippingcost/,180,0,0
1732558904151,468,Обновить данные карты,500,"Number of samples in transaction : 3, number of failing samples : 3",UC02 1-2,,false,,2082,3670,1,4,null,0,3,0
1732558904152,150,HTTP Sampler page_1__non_title_1_https://www.advantageonlineshopping.com/accountservice/ws/UpdateMasterCreditMethodRequest,500,,UC02 1-2,text,false,,1236,1409,1,4,https://www.advantageonlineshopping.com/accountservice/ws/UpdateMasterCreditMethodRequest,150,0,0
1732558904303,160,HTTP Sampler page_1__non_title_2_https://www.advantageonlineshopping.com/order/api/v1/orders/users/776511328,500,,UC02 1-2,text,false,,424,1619,1,4,https://www.advantageonlineshopping.com/order/api/v1/orders/users/-1,160,0,0
1732558904464,158,HTTP Sampler page_1__non_title_3_https://www.advantageonlineshopping.com/order/api/v1/carts/776511328,500,,UC02 1-2,text,false,,422,642,1,4,https://www.advantageonlineshopping.com/order/api/v1/carts/-1,158,0,0
1732558904622,157,Выход,500,"Number of samples in transaction : 1, number of failing samples : 1",UC02 1-2,,false,,1115,1186,1,4,null,0,1,0
1732558904623,157,HTTP Sampler page_1__non_title_1_https://www.advantageonlineshopping.com/accountservice/ws/AccountLogoutRequest,500,,UC02 1-2,text,false,,1115,1186,1,4,https://www.advantageonlineshopping.com/accountservice/ws/AccountLogoutRequest,157,0,0
1732558904815,2,pacing2,200,OK,UC02 1-2,text,true,,474,0,1,4,null,0,0,0
1732558899133,7123,UC04_01,500,"Number of samples in transaction : 2, number of failing samples : 2",UC04 3-3,,false,,40108,8539,1,4,null,0,18,287
1732558899133,2321,Authe,500,"Number of samples in transaction : 2, number of failing samples : 1",UC04 3-3,,false,,17108,4212,1,4,null,0,8,287
1732558899133,1996,MainPage,200,"Number of samples in transaction : 4, number of failing samples : 0",UC04 3-3,,true,,15531,2520,1,4,null,0,4,287
1732558899135,427,HTTP Sampler page_1__non_title_1_https://www.advantageonlineshopping.com/catalog/api/v1/DemoAppConfig/parameters/by_tool/ALL,200,,UC04 3-3,text,true,,6969,490,1,4,https://www.advantageonlineshopping.com/catalog/api/v1/DemoAppConfig/parameters/by_tool/ALL,427,0,287
1732558899562,146,HTTP Sampler page_1__non_title_2_https://www.advantageonlineshopping.com/accountservice/ws/GetAccountConfigurationRequest,200,,UC04 3-3,text,true,,1570,1082,1,4,https://www.advantageonlineshopping.com/accountservice/ws/GetAccountConfigurationRequest,146,0,0
1732558899708,725,HTTP Sampler page_1__non_title_3_https://www.advantageonlineshopping.com/catalog/api/v1/categories,200,,UC04 3-3,text,true,,6209,464,1,4,https://www.advantageonlineshopping.com/catalog/api/v1/categories,724,0,0
1732558900434,698,HTTP Sampler page_1__non_title_4_https://www.advantageonlineshopping.com/catalog/api/v1/deals/search?dealOfTheDay=true,200,,UC04 3-3,text,true,,783,484,1,4,https://www.advantageonlineshopping.com/catalog/api/v1/deals/search?dealOfTheDay=true,698,0,0
1732558901133,325,Auth,500,"Number of samples in transaction : 2, number of failing samples : 1",UC04 3-3,,false,,1577,1692,1,4,null,0,4,0
1732558901135,171,HTTP Sampler page_1__non_title_1_https://www.advantageonlineshopping.com/accountservice/ws/AccountLoginRequest,200,,UC04 3-3,text,true,,1156,1185,1,4,https://www.advantageonlineshopping.com/accountservice/ws/AccountLoginRequest,171,0,0
1732558901306,154,HTTP Sampler page_1__non_title_2_https://www.advantageonlineshopping.com/order/api/v1/carts/201712642,500,,UC04 3-3,text,false,,421,507,1,4,https://www.advantageonlineshopping.com/order/api/v1/carts/-1,154,0,0
1732558901461,4802,Коризна,500,"Number of samples in transaction : 3, number of failing samples : 1",UC04 3-3,,false,,23000,4327,1,4,null,0,10,0
1732558901461,1678,Выбор категории Спикеры,200,"Number of samples in transaction : 3, number of failing samples : 0",UC04 3-3,,true,,4546,1549,1,4,null,0,5,0
1732558901463,791,HTTP Sampler page_1__non_title_1_https://www.advantageonlineshopping.com/catalog/api/v1/categories/4/products,200,,UC04 3-3,text,true,,2408,537,1,4,https://www.advantageonlineshopping.com/catalog/api/v1/categories/4/products,790,0,0
1732558902255,749,HTTP Sampler page_1__non_title_2_https://www.advantageonlineshopping.com/catalog/api/v1/categories/attributes,200,,UC04 3-3,text,true,,984,522,1,4,https://www.advantageonlineshopping.com/catalog/api/v1/categories/attributes,749,0,0
1732558903005,138,HTTP Sampler page_1__non_title_3_https://www.advantageonlineshopping.com/app/views/category-page.html,200,,UC04 3-3,text,true,,1154,490,1,4,https://www.advantageonlineshopping.com/app/views/category-page.html,138,0,0
1732558903144,2966,Выбор товара HP ,200,"Number of samples in transaction : 4, number of failing samples : 0",UC04 3-3,,true,,18015,2073,1,4,null,0,4,0
1732558903144,1288,HTTP Sampler page_1__non_title_1_https://www.advantageonlineshopping.com/catalog/api/v1/categories/all_data,200,,UC04 3-3,text,true,,11840,535,1,4,https://www.advantageonlineshopping.com/catalog/api/v1/categories/all_data,1287,0,0
1732558904433,736,HTTP Sampler page_1__non_title_2_https://www.advantageonlineshopping.com/catalog/api/v1/products/24,200,,UC04 3-3,text,true,,945,527,1,4,https://www.advantageonlineshopping.com/catalog/api/v1/products/24,736,0,0
1732558905171,804,HTTP Sampler page_1__non_title_3_https://www.advantageonlineshopping.com/catalog/api/v1/categories/4/products,200,,UC04 3-3,text,true,,2412,522,1,4,https://www.advantageonlineshopping.com/catalog/api/v1/categories/4/products,804,0,0
1732558905976,138,HTTP Sampler page_1__non_title_4_https://www.advantageonlineshopping.com/app/views/product-page.html,200,,UC04 3-3,text,true,,2818,489,1,4,https://www.advantageonlineshopping.com/app/views/product-page.html,138,0,0
1732558906114,158,Добавление товара в корзину,500,"Number of samples in transaction : 1, number of failing samples : 1",UC04 3-3,,false,,439,705,1,4,null,0,1,0
1732558906115,158,HTTP Sampler page_1__non_title_1_https://www.advantageonlineshopping.com/order/api/v1/carts/201712642/product/24/color/DD3A5B?quantity=2,500,,UC04 3-3,text,false,,439,705,1,4,https://www.advantageonlineshopping.com/order/api/v1/carts/-1/product/24/color/DD3A5B?quantity=2,157,0,0
1732558904066,7007,UC03_01,500,"Number of samples in transaction : 2, number of failing samples : 2",UC03 2-3,,false,,45845,16715,1,5,null,0,18,304
1732558904066,2374,Authe,500,"Number of samples in transaction : 2, number of failing samples : 1",UC03 2-3,,false,,17123,4212,1,4,null,0,4,304
1732558904066,2048,MainPage,200,"Number of samples in transaction : 4, number of failing samples : 0",UC03 2-3,,true,,15545,2520,1,4,null,0,2,304
1732558904067,449,HTTP Sampler page_1__non_title_1_https://www.advantageonlineshopping.com/catalog/api/v1/DemoAppConfig/parameters/by_tool/ALL,200,,UC03 2-3,text,true,,6974,490,1,4,https://www.advantageonlineshopping.com/catalog/api/v1/DemoAppConfig/parameters/by_tool/ALL,448,0,304
1732558904516,150,HTTP Sampler page_1__non_title_2_https://www.advantageonlineshopping.com/accountservice/ws/GetAccountConfigurationRequest,200,,UC03 2-3,text,true,,1570,1082,1,4,https://www.advantageonlineshopping.com/accountservice/ws/GetAccountConfigurationRequest,150,0,0
1732558904666,740,HTTP Sampler page_1__non_title_3_https://www.advantageonlineshopping.com/catalog/api/v1/categories,200,,UC03 2-3,text,true,,6218,464,1,4,https://www.advantageonlineshopping.com/catalog/api/v1/categories,740,0,0
1732558905407,709,HTTP Sampler page_1__non_title_4_https://www.advantageonlineshopping.com/catalog/api/v1/deals/search?dealOfTheDay=true,200,,UC03 2-3,text,true,,783,484,1,4,https://www.advantageonlineshopping.com/catalog/api/v1/deals/search?dealOfTheDay=true,709,0,0
1732558906116,326,Auth,500,"Number of samples in transaction : 2, number of failing samples : 1",UC03 2-3,,false,,1578,1692,1,4,null,0,2,0
1732558906117,168,HTTP Sampler page_1__non_title_1_https://www.advantageonlineshopping.com/accountservice/ws/AccountLoginRequest,200,,UC03 2-3,text,true,,1156,1185,1,4,https://www.advantageonlineshopping.com/accountservice/ws/AccountLoginRequest,168,0,0
1732558906286,158,HTTP Sampler page_1__non_title_2_https://www.advantageonlineshopping.com/order/api/v1/carts/201712642,500,,UC03 2-3,text,false,,422,507,1,4,https://www.advantageonlineshopping.com/order/api/v1/carts/-1,157,0,0
1732558906444,4633,Оплата популярного товара,500,"Number of samples in transaction : 4, number of failing samples : 3",UC03 2-3,,false,,28722,12503,1,5,null,0,14,0
1732558906444,2898,Переход на HP,200,"Number of samples in transaction : 3, number of failing samples : 0",UC03 2-3,,true,,16332,1584,1,5,null,0,2,0
1732558906445,1327,HTTP Sampler page_1__non_title_1_https://www.advantageonlineshopping.com/catalog/api/v1/categories/all_data,200,,UC03 2-3,text,true,,11827,535,1,4,https://www.advantageonlineshopping.com/catalog/api/v1/categories/all_data,1327,0,0
1732558907772,741,HTTP Sampler page_1__non_title_2_https://www.advantageonlineshopping.com/catalog/api/v1/products/10,200,,UC03 2-3,text,true,,1010,527,1,4,https://www.advantageonlineshopping.com/catalog/api/v1/products/10,740,0,0
1732558908514,830,HTTP Sampler page_1__non_title_3_https://www.advantageonlineshopping.com/catalog/api/v1/categories/1/products,200,,UC03 2-3,text,true,,3495,522,1,5,https://www.advantageonlineshopping.com/catalog/api/v1/categories/1/products,830,0,0
1732558909344,178,Добавление в корзину,500,"Number of samples in transaction : 1, number of failing samples : 1",UC03 2-3,,false,,438,705,1,5,null,0,1,0
1732558909345,178,HTTP Sampler page_1__non_title_1_https://www.advantageonlineshopping.com/order/api/v1/carts/199376321/product/10/color/C3C3C3?quantity=3,500,,UC03 2-3,text,false,,438,705,1,5,https://www.advantageonlineshopping.com/order/api/v1/carts/-1/product/10/color/C3C3C3?quantity=3,178,0,0
1732558909523,1087,Переход в корзину,500,"Number of samples in transaction : 7, number of failing samples : 5",UC03 2-3,,false,,9869,6591,1,5,null,0,8,0
1732558909524,158,HTTP Sampler page_1__non_title_1_https://www.advantageonlineshopping.com/order/api/v1/carts/199376321,500,,UC03 2-3,text,false,,422,522,1,5,https://www.advantageonlineshopping.com/order/api/v1/carts/-1,158,0,0
1732558909683,152,HTTP Sampler page_1__non_title_2_https://www.advantageonlineshopping.com/accountservice/ws/GetAccountByIdRequest,500,,UC03 2-3,text,false,,1115,1190,1,5,https://www.advantageonlineshopping.com/accountservice/ws/GetAccountByIdRequest,152,0,0
1732558909836,155,HTTP Sampler page_1__non_title_3_https://www.advantageonlineshopping.com/accountservice/ws/GetAccountByIdNewRequest,500,,UC03 2-3,text,false,,1115,1187,1,5,https://www.advantageonlineshopping.com/accountservice/ws/GetAccountByIdNewRequest,155,0,0
1732558909992,160,HTTP Sampler page_1__non_title_4_https://www.advantageonlineshopping.com/order/api/v1/carts/199376321,500,,UC03 2-3,text,false,,422,507,1,5,https://www.advantageonlineshopping.com/order/api/v1/carts/-1,159,0,0
1732558910153,164,HTTP Sampler page_1__non_title_5_https://www.advantageonlineshopping.com/order/api/v1/shippingcost/,200,,UC03 2-3,text,true,,676,869,1,5,https://www.advantageonlineshopping.com/order/api/v1/shippingcost/,164,0,0
1732558910318,154,HTTP Sampler page_1__non_title_6_https://www.advantageonlineshopping.com/accountservice/ws/GetAccountPaymentPreferencesRequest,500,,UC03 2-3,text,false,,1115,1231,1,5,https://www.advantageonlineshopping.com/accountservice/ws/GetAccountPaymentPreferencesRequest,154,0,0
1732558910473,144,HTTP Sampler page_1__non_title_7_https://www.advantageonlineshopping.com/accountservice/ws/GetCountriesRequest,200,,UC03 2-3,text,true,,5004,1085,1,5,https://www.advantageonlineshopping.com/accountservice/ws/GetCountriesRequest,144,0,0
1732558910618,470,Оплата товара и переход в корзину,500,"Number of samples in transaction : 3, number of failing samples : 3",UC03 2-3,,false,,2083,3623,1,5,null,0,3,0
1732558910618,154,HTTP Sampler page_1__non_title_1_https://www.advantageonlineshopping.com/accountservice/ws/AddMasterCreditMethodRequest,500,,UC03 2-3,text,false,,1236,1366,1,5,https://www.advantageonlineshopping.com/accountservice/ws/AddMasterCreditMethodRequest,154,0,0
1732558910773,159,HTTP Sampler page_1__non_title_2_https://www.advantageonlineshopping.com/order/api/v1/orders/users/199376321,500,,UC03 2-3,text,false,,425,1615,1,5,https://www.advantageonlineshopping.com/order/api/v1/orders/users/-1,159,0,0
1732558910933,157,HTTP Sampler page_1__non_title_3_https://www.advantageonlineshopping.com/order/api/v1/carts/199376321,500,,UC03 2-3,text,false,,422,642,1,5,https://www.advantageonlineshopping.com/order/api/v1/carts/-1,157,0,0
1732558904817,8038,UC02_01,500,"Number of samples in transaction : 2, number of failing samples : 2",UC02 1-2,,false,,50644,21282,1,5,null,0,23,313
1732558904817,2447,Authe,500,"Number of samples in transaction : 2, number of failing samples : 1",UC02 1-2,,false,,17103,4212,1,4,null,0,7,313
1732558904817,2089,MainPage,200,"Number of samples in transaction : 4, number of failing samples : 0",UC02 1-2,,true,,15525,2520,1,4,null,0,5,313
1732558904819,469,HTTP Sampler page_1__non_title_1_https://www.advantageonlineshopping.com/catalog/api/v1/DemoAppConfig/parameters/by_tool/ALL,200,,UC02 1-2,text,true,,6969,490,1,4,https://www.advantageonlineshopping.com/catalog/api/v1/DemoAppConfig/parameters/by_tool/ALL,469,0,313
1732558905289,166,HTTP Sampler page_1__non_title_2_https://www.advantageonlineshopping.com/accountservice/ws/GetAccountConfigurationRequest,200,,UC02 1-2,text,true,,1570,1082,1,4,https://www.advantageonlineshopping.com/accountservice/ws/GetAccountConfigurationRequest,166,0,0
1732558905456,716,HTTP Sampler page_1__non_title_3_https://www.advantageonlineshopping.com/catalog/api/v1/categories,200,,UC02 1-2,text,true,,6203,464,1,4,https://www.advantageonlineshopping.com/catalog/api/v1/categories,716,0,0
1732558906173,738,HTTP Sampler page_1__non_title_4_https://www.advantageonlineshopping.com/catalog/api/v1/deals/search?dealOfTheDay=true,200,,UC02 1-2,text,true,,783,484,1,4,https://www.advantageonlineshopping.com/catalog/api/v1/deals/search?dealOfTheDay=true,738,0,0
1732558906911,358,Auth,500,"Number of samples in transaction : 2, number of failing samples : 1",UC02 1-2,,false,,1578,1692,1,4,null,0,2,0
1732558906912,187,HTTP Sampler page_1__non_title_1_https://www.advantageonlineshopping.com/accountservice/ws/AccountLoginRequest,200,,UC02 1-2,text,true,,1156,1185,1,4,https://www.advantageonlineshopping.com/accountservice/ws/AccountLoginRequest,187,0,0
1732558907100,171,HTTP Sampler page_1__non_title_2_https://www.advantageonlineshopping.com/order/api/v1/carts/201712642,500,,UC02 1-2,text,false,,422,507,1,4,https://www.advantageonlineshopping.com/order/api/v1/carts/-1,171,0,0
1732558907271,5591,Покупка спец предложения,500,"Number of samples in transaction : 7, number of failing samples : 6",UC02 1-2,,false,,33541,17070,1,5,null,0,16,0
1732558907271,2905,Переход на спец предложение,200,"Number of samples in transaction : 3, number of failing samples : 0",UC02 1-2,,true,,16442,1583,1,5,null,0,2,0
1732558907272,1324,HTTP Sampler page_1__non_title_1_https://www.advantageonlineshopping.com/catalog/api/v1/categories/all_data,200,,UC02 1-2,text,true,,11881,535,1,4,https://www.advantageonlineshopping.com/catalog/api/v1/categories/all_data,1323,0,0
1732558908596,742,HTTP Sampler page_1__non_title_2_https://www.advantageonlineshopping.com/catalog/api/v1/products/3,200,,UC02 1-2,text,true,,1081,526,1,5,https://www.advantageonlineshopping.com/catalog/api/v1/products/3,742,0,0
1732558909339,839,HTTP Sampler page_1__non_title_3_https://www.advantageonlineshopping.com/catalog/api/v1/categories/1/products,200,,UC02 1-2,text,true,,3480,522,1,5,https://www.advantageonlineshopping.com/catalog/api/v1/categories/1/products,838,0,0
1732558910178,171,Добавление в корзину,500,"Number of samples in transaction : 1, number of failing samples : 1",UC02 1-2,,false,,443,714,1,5,null,0,1,0
1732558910179,171,HTTP Sampler page_1__non_title_1_https://www.advantageonlineshopping.com/order/api/v1/carts/776511328/product/3/color/DD3A5B?quantity=3,500,,UC02 1-2,text,false,,443,714,1,5,https://www.advantageonlineshopping.com/order/api/v1/carts/-1/product/3/color/DD3A5B?quantity=3,171,0,0
1732558910350,169,Переход в корзину,500,"Number of samples in transaction : 1, number of failing samples : 1",UC02 1-2,,false,,427,522,1,5,null,0,2,0
1732558910351,169,HTTP Sampler page_1__non_title_1_https://www.advantageonlineshopping.com/order/api/v1/carts/776511328,500,,UC02 1-2,text,false,,427,522,1,5,https://www.advantageonlineshopping.com/order/api/v1/carts/-1,169,0,0
1732558910521,1162,Кнопка покупки,500,"Number of samples in transaction : 7, number of failing samples : 4",UC02 1-2,,false,,10814,6566,1,5,null,0,6,0
1732558910521,165,HTTP Sampler page_1__non_title_1_https://www.advantageonlineshopping.com/accountservice/ws/GetAccountByIdRequest,500,,UC02 1-2,text,false,,1115,1190,1,5,https://www.advantageonlineshopping.com/accountservice/ws/GetAccountByIdRequest,164,0,0
1732558910687,167,HTTP Sampler page_1__non_title_2_https://www.advantageonlineshopping.com/accountservice/ws/GetAccountByIdNewRequest,500,,UC02 1-2,text,false,,1115,1187,1,5,https://www.advantageonlineshopping.com/accountservice/ws/GetAccountByIdNewRequest,167,0,0
1732558910855,171,HTTP Sampler page_1__non_title_3_https://www.advantageonlineshopping.com/order/api/v1/carts/776511328,500,,UC02 1-2,text,false,,422,507,1,5,https://www.advantageonlineshopping.com/order/api/v1/carts/-1,171,0,0
1732558911027,184,HTTP Sampler page_1__non_title_4_https://www.advantageonlineshopping.com/order/api/v1/shippingcost/,200,,UC02 1-2,text,true,,671,866,1,5,https://www.advantageonlineshopping.com/order/api/v1/shippingcost/,184,0,0
1732558911211,166,HTTP Sampler page_1__non_title_5_https://www.advantageonlineshopping.com/accountservice/ws/GetAccountPaymentPreferencesRequest,500,,UC02 1-2,text,false,,1115,1231,1,5,https://www.advantageonlineshopping.com/accountservice/ws/GetAccountPaymentPreferencesRequest,166,0,0
1732558911378,153,HTTP Sampler page_1__non_title_6_https://www.advantageonlineshopping.com/app/order/views/orderPayment-page.html,200,,UC02 1-2,text,true,,1372,500,1,5,https://www.advantageonlineshopping.com/app/order/views/orderPayment-page.html,153,0,0
1732558911532,156,HTTP Sampler page_1__non_title_7_https://www.advantageonlineshopping.com/accountservice/ws/GetCountriesRequest,200,,UC02 1-2,text,true,,5004,1085,1,5,https://www.advantageonlineshopping.com/accountservice/ws/GetCountriesRequest,156,0,0
1732558911689,514,Обновить инфо пользователя,500,"Number of samples in transaction : 3, number of failing samples : 2",UC02 1-2,,false,,2217,2829,1,5,null,0,2,0
1732558911689,170,HTTP Sampler page_1__non_title_1_https://www.advantageonlineshopping.com/accountservice/ws/AccountUpdateRequest,500,,UC02 1-2,text,false,,1115,1447,1,5,https://www.advantageonlineshopping.com/accountservice/ws/AccountUpdateRequest,170,0,0
1732558911860,171,HTTP Sampler page_1__non_title_2_https://www.advantageonlineshopping.com/order/api/v1/carts/776511328,500,,UC02 1-2,text,false,,427,507,1,5,https://www.advantageonlineshopping.com/order/api/v1/carts/-1,171,0,0
1732558912032,173,HTTP Sampler page_1__non_title_3_https://www.advantageonlineshopping.com/order/api/v1/shippingcost/,200,,UC02 1-2,text,true,,675,875,1,5,https://www.advantageonlineshopping.com/order/api/v1/shippingcost/,173,0,0
1732558912205,504,Обновить данные карты,500,"Number of samples in transaction : 3, number of failing samples : 3",UC02 1-2,,false,,2083,3670,1,5,null,0,1,0
1732558912206,162,HTTP Sampler page_1__non_title_1_https://www.advantageonlineshopping.com/accountservice/ws/UpdateMasterCreditMethodRequest,500,,UC02 1-2,text,false,,1236,1409,1,5,https://www.advantageonlineshopping.com/accountservice/ws/UpdateMasterCreditMethodRequest,162,0,0
1732558912368,170,HTTP Sampler page_1__non_title_2_https://www.advantageonlineshopping.com/order/api/v1/orders/users/776511328,500,,UC02 1-2,text,false,,425,1619,1,5,https://www.advantageonlineshopping.com/order/api/v1/orders/users/-1,169,0,0
1732558912538,172,HTTP Sampler page_1__non_title_3_https://www.advantageonlineshopping.com/order/api/v1/carts/776511328,500,,UC02 1-2,text,false,,422,642,1,5,https://www.advantageonlineshopping.com/order/api/v1/carts/-1,172,0,0
1732558912710,166,Выход,500,"Number of samples in transaction : 1, number of failing samples : 1",UC02 1-2,,false,,1115,1186,1,5,null,0,1,0
1732558912711,166,HTTP Sampler page_1__non_title_1_https://www.advantageonlineshopping.com/accountservice/ws/AccountLogoutRequest,500,,UC02 1-2,text,false,,1115,1186,1,5,https://www.advantageonlineshopping.com/accountservice/ws/AccountLogoutRequest,166,0,0
1732558913600,0,pacing5,200,OK,UC05 4-1,text,true,,474,0,1,5,null,0,0,0
1732558909058,7453,UC04_01,500,"Number of samples in transaction : 2, number of failing samples : 2",UC04 3-2,,false,,40103,8539,2,6,null,0,18,299
1732558909058,2398,Authe,500,"Number of samples in transaction : 2, number of failing samples : 1",UC04 3-2,,false,,17115,4212,2,5,null,0,9,299
1732558909059,2075,MainPage,200,"Number of samples in transaction : 4, number of failing samples : 0",UC04 3-2,,true,,15538,2520,2,5,null,0,6,299
1732558909060,439,HTTP Sampler page_1__non_title_1_https://www.advantageonlineshopping.com/catalog/api/v1/DemoAppConfig/parameters/by_tool/ALL,200,,UC04 3-2,text,true,,6974,490,2,5,https://www.advantageonlineshopping.com/catalog/api/v1/DemoAppConfig/parameters/by_tool/ALL,439,0,299
1732558909500,146,HTTP Sampler page_1__non_title_2_https://www.advantageonlineshopping.com/accountservice/ws/GetAccountConfigurationRequest,200,,UC04 3-2,text,true,,1570,1082,2,5,https://www.advantageonlineshopping.com/accountservice/ws/GetAccountConfigurationRequest,146,0,0
1732558909647,738,HTTP Sampler page_1__non_title_3_https://www.advantageonlineshopping.com/catalog/api/v1/categories,200,,UC04 3-2,text,true,,6216,464,2,5,https://www.advantageonlineshopping.com/catalog/api/v1/categories,738,0,0
1732558910387,752,HTTP Sampler page_1__non_title_4_https://www.advantageonlineshopping.com/catalog/api/v1/deals/search?dealOfTheDay=true,200,,UC04 3-2,text,true,,778,484,2,5,https://www.advantageonlineshopping.com/catalog/api/v1/deals/search?dealOfTheDay=true,752,0,0
1732558911140,323,Auth,500,"Number of samples in transaction : 2, number of failing samples : 1",UC04 3-2,,false,,1577,1692,2,5,null,0,2,0
1732558911140,167,HTTP Sampler page_1__non_title_1_https://www.advantageonlineshopping.com/accountservice/ws/AccountLoginRequest,200,,UC04 3-2,text,true,,1156,1185,2,5,https://www.advantageonlineshopping.com/accountservice/ws/AccountLoginRequest,167,0,0
1732558911307,156,HTTP Sampler page_1__non_title_2_https://www.advantageonlineshopping.com/order/api/v1/carts/201712642,500,,UC04 3-2,text,false,,421,507,2,5,https://www.advantageonlineshopping.com/order/api/v1/carts/-1,156,0,0
1732558911464,5055,Коризна,500,"Number of samples in transaction : 3, number of failing samples : 1",UC04 3-2,,false,,22988,4327,2,6,null,0,9,0
1732558911464,1814,Выбор категории Спикеры,200,"Number of samples in transaction : 3, number of failing samples : 0",UC04 3-2,,true,,4539,1549,2,5,null,0,3,0
1732558911465,852,HTTP Sampler page_1__non_title_1_https://www.advantageonlineshopping.com/catalog/api/v1/categories/4/products,200,,UC04 3-2,text,true,,2401,537,2,5,https://www.advantageonlineshopping.com/catalog/api/v1/categories/4/products,852,0,0
1732558912318,827,HTTP Sampler page_1__non_title_2_https://www.advantageonlineshopping.com/catalog/api/v1/categories/attributes,200,,UC04 3-2,text,true,,984,522,2,5,https://www.advantageonlineshopping.com/catalog/api/v1/categories/attributes,827,0,0
1732558913146,135,HTTP Sampler page_1__non_title_3_https://www.advantageonlineshopping.com/app/views/category-page.html,200,,UC04 3-2,text,true,,1154,490,2,5,https://www.advantageonlineshopping.com/app/views/category-page.html,135,0,0
1732558913281,3087,Выбор товара HP ,200,"Number of samples in transaction : 4, number of failing samples : 0",UC04 3-2,,true,,18005,2073,2,6,null,0,5,0
1732558913282,1374,HTTP Sampler page_1__non_title_1_https://www.advantageonlineshopping.com/catalog/api/v1/categories/all_data,200,,UC04 3-2,text,true,,11838,535,2,5,https://www.advantageonlineshopping.com/catalog/api/v1/categories/all_data,1374,0,0
1732558914658,755,HTTP Sampler page_1__non_title_2_https://www.advantageonlineshopping.com/catalog/api/v1/products/24,200,,UC04 3-2,text,true,,944,527,2,5,https://www.advantageonlineshopping.com/catalog/api/v1/products/24,755,0,0
1732558915414,818,HTTP Sampler page_1__non_title_3_https://www.advantageonlineshopping.com/catalog/api/v1/categories/4/products,200,,UC04 3-2,text,true,,2405,522,2,6,https://www.advantageonlineshopping.com/catalog/api/v1/categories/4/products,818,0,0
1732558916232,140,HTTP Sampler page_1__non_title_4_https://www.advantageonlineshopping.com/app/views/product-page.html,200,,UC04 3-2,text,true,,2818,489,2,6,https://www.advantageonlineshopping.com/app/views/product-page.html,140,0,0
1732558916373,154,Добавление товара в корзину,500,"Number of samples in transaction : 1, number of failing samples : 1",UC04 3-2,,false,,444,705,2,6,null,0,1,0
1732558916373,154,HTTP Sampler page_1__non_title_1_https://www.advantageonlineshopping.com/order/api/v1/carts/201712642/product/24/color/DD3A5B?quantity=2,500,,UC04 3-2,text,false,,444,705,2,6,https://www.advantageonlineshopping.com/order/api/v1/carts/-1/product/24/color/DD3A5B?quantity=2,154,0,0
1732558916529,0,pacing4,200,OK,UC04 3-2,text,true,,474,0,2,6,null,0,0,0
1732558913601,3048,UC05_01,500,"Number of samples in transaction : 2, number of failing samples : 2",UC05 4-1,,false,,20989,7090,1,6,null,0,12,296
1732558913601,2431,Authe,500,"Number of samples in transaction : 2, number of failing samples : 1",UC05 4-1,,false,,17089,4212,1,5,null,0,8,296
1732558913601,2108,MainPage,200,"Number of samples in transaction : 4, number of failing samples : 0",UC05 4-1,,true,,15512,2520,1,5,null,0,5,296
1732558913602,443,HTTP Sampler page_1__non_title_1_https://www.advantageonlineshopping.com/catalog/api/v1/DemoAppConfig/parameters/by_tool/ALL,200,,UC05 4-1,text,true,,6974,490,1,5,https://www.advantageonlineshopping.com/catalog/api/v1/DemoAppConfig/parameters/by_tool/ALL,443,0,296
1732558914046,170,HTTP Sampler page_1__non_title_2_https://www.advantageonlineshopping.com/accountservice/ws/GetAccountConfigurationRequest,200,,UC05 4-1,text,true,,1570,1082,1,5,https://www.advantageonlineshopping.com/accountservice/ws/GetAccountConfigurationRequest,170,0,0
1732558914217,738,HTTP Sampler page_1__non_title_3_https://www.advantageonlineshopping.com/catalog/api/v1/categories,200,,UC05 4-1,text,true,,6185,464,1,5,https://www.advantageonlineshopping.com/catalog/api/v1/categories,738,0,0
1732558914956,757,HTTP Sampler page_1__non_title_4_https://www.advantageonlineshopping.com/catalog/api/v1/deals/search?dealOfTheDay=true,200,,UC05 4-1,text,true,,783,484,1,5,https://www.advantageonlineshopping.com/catalog/api/v1/deals/search?dealOfTheDay=true,757,0,0
1732558915714,323,Auth,500,"Number of samples in transaction : 2, number of failing samples : 1",UC05 4-1,,false,,1577,1692,1,5,null,0,3,0
1732558915715,167,HTTP Sampler page_1__non_title_1_https://www.advantageonlineshopping.com/accountservice/ws/AccountLoginRequest,200,,UC05 4-1,text,true,,1156,1185,1,5,https://www.advantageonlineshopping.com/accountservice/ws/AccountLoginRequest,167,0,0
1732558915883,156,HTTP Sampler page_1__non_title_2_https://www.advantageonlineshopping.com/order/api/v1/carts/201712642,500,,UC05 4-1,text,false,,421,507,1,5,https://www.advantageonlineshopping.com/order/api/v1/carts/-1,156,0,0
1732558916040,617,Удаление из корзины,500,"Number of samples in transaction : 3, number of failing samples : 3",UC05 4-1,,false,,3900,2878,1,6,null,0,4,0
1732558916040,310,Переход в корзину,500,"Number of samples in transaction : 2, number of failing samples : 1",UC05 4-1,,false,,2345,1011,1,6,null,0,2,0
1732558916041,175,HTTP Sampler page_1__non_title_1_https://www.advantageonlineshopping.com/order/api/v1/carts/201712642,500,,UC05 4-1,text,false,,422,522,1,6,https://www.advantageonlineshopping.com/order/api/v1/carts/-1,175,0,0
1732558916217,135,HTTP Sampler page_1__non_title_2_https://www.advantageonlineshopping.com/app/views/shoppingCart.html,200,,UC05 4-1,text,true,,1923,489,1,6,https://www.advantageonlineshopping.com/app/views/shoppingCart.html,135,0,0
1732558916352,156,Удаление,500,"Number of samples in transaction : 1, number of failing samples : 1",UC05 4-1,,false,,440,681,1,6,null,0,1,0
1732558916353,156,HTTP Sampler page_1__non_title_1_https://www.advantageonlineshopping.com/order/api/v1/carts/201712642/product/24/color/DD3A5B,500,,UC05 4-1,text,false,,440,681,1,6,https://www.advantageonlineshopping.com/order/api/v1/carts/-1/product/24/color/DD3A5B,156,0,0
1732558916509,151,Логаут,500,"Number of samples in transaction : 1, number of failing samples : 1",UC05 4-1,,false,,1115,1186,1,6,null,0,1,0
1732558916510,151,HTTP Sampler page_1__non_title_1_https://www.advantageonlineshopping.com/accountservice/ws/AccountLogoutRequest,500,,UC05 4-1,text,false,,1115,1186,1,6,https://www.advantageonlineshopping.com/accountservice/ws/AccountLogoutRequest,151,0,0
1732558917130,0,pacing4,200,OK,UC04 3-3,text,true,,474,0,2,6,null,0,0,0
1732558916530,7684,UC04_01,500,"Number of samples in transaction : 2, number of failing samples : 2",UC04 3-2,,false,,40093,8581,2,8,null,0,10,296
1732558916530,2415,Authe,500,"Number of samples in transaction : 2, number of failing samples : 1",UC04 3-2,,false,,17106,4222,2,6,null,0,5,296
1732558916530,2084,MainPage,200,"Number of samples in transaction : 4, number of failing samples : 0",UC04 3-2,,true,,15528,2520,2,6,null,0,3,296
1732558916530,439,HTTP Sampler page_1__non_title_1_https://www.advantageonlineshopping.com/catalog/api/v1/DemoAppConfig/parameters/by_tool/ALL,200,,UC04 3-2,text,true,,6969,490,2,6,https://www.advantageonlineshopping.com/catalog/api/v1/DemoAppConfig/parameters/by_tool/ALL,438,0,296
1732558916969,159,HTTP Sampler page_1__non_title_2_https://www.advantageonlineshopping.com/accountservice/ws/GetAccountConfigurationRequest,200,,UC04 3-2,text,true,,1570,1082,2,6,https://www.advantageonlineshopping.com/accountservice/ws/GetAccountConfigurationRequest,159,0,0
1732558917129,733,HTTP Sampler page_1__non_title_3_https://www.advantageonlineshopping.com/catalog/api/v1/categories,200,,UC04 3-2,text,true,,6206,464,2,6,https://www.advantageonlineshopping.com/catalog/api/v1/categories,733,0,0
1732558917863,753,HTTP Sampler page_1__non_title_4_https://www.advantageonlineshopping.com/catalog/api/v1/deals/search?dealOfTheDay=true,200,,UC04 3-2,text,true,,783,484,2,6,https://www.advantageonlineshopping.com/catalog/api/v1/deals/search?dealOfTheDay=true,753,0,0
1732558918617,331,Auth,500,"Number of samples in transaction : 2, number of failing samples : 1",UC04 3-2,,false,,1578,1702,2,6,null,0,2,0
1732558918618,171,HTTP Sampler page_1__non_title_1_https://www.advantageonlineshopping.com/accountservice/ws/AccountLoginRequest,200,,UC04 3-2,text,true,,1156,1191,2,6,https://www.advantageonlineshopping.com/accountservice/ws/AccountLoginRequest,171,0,0
1732558918790,160,HTTP Sampler page_1__non_title_2_https://www.advantageonlineshopping.com/order/api/v1/carts/201712642,500,,UC04 3-2,text,false,,422,511,2,6,https://www.advantageonlineshopping.com/order/api/v1/carts/-1,159,0,0
1732558918950,5269,Коризна,500,"Number of samples in transaction : 3, number of failing samples : 1",UC04 3-2,,false,,22987,4359,2,8,null,0,5,0
1732558918950,1722,Выбор категории Спикеры,200,"Number of samples in transaction : 3, number of failing samples : 0",UC04 3-2,,true,,4551,1561,2,6,null,0,2,0
1732558918951,821,HTTP Sampler page_1__non_title_1_https://www.advantageonlineshopping.com/catalog/api/v1/categories/4/products,200,,UC04 3-2,text,true,,2413,541,2,6,https://www.advantageonlineshopping.com/catalog/api/v1/categories/4/products,821,0,0
1732558919773,761,HTTP Sampler page_1__non_title_2_https://www.advantageonlineshopping.com/catalog/api/v1/categories/attributes,200,,UC04 3-2,text,true,,984,526,2,6,https://www.advantageonlineshopping.com/catalog/api/v1/categories/attributes,760,0,0
1732558920534,140,HTTP Sampler page_1__non_title_3_https://www.advantageonlineshopping.com/app/views/category-page.html,200,,UC04 3-2,text,true,,1154,494,2,6,https://www.advantageonlineshopping.com/app/views/category-page.html,140,0,0
1732558920674,3386,Выбор товара HP ,200,"Number of samples in transaction : 4, number of failing samples : 0",UC04 3-2,,true,,17996,2089,2,8,null,0,3,0
1732558920675,1472,HTTP Sampler page_1__non_title_1_https://www.advantageonlineshopping.com/catalog/api/v1/categories/all_data,200,,UC04 3-2,text,true,,11830,539,2,8,https://www.advantageonlineshopping.com/catalog/api/v1/categories/all_data,1471,0,0
1732558922146,853,HTTP Sampler page_1__non_title_2_https://www.advantageonlineshopping.com/catalog/api/v1/products/24,200,,UC04 3-2,text,true,,945,531,2,8,https://www.advantageonlineshopping.com/catalog/api/v1/products/24,853,0,0
1732558923000,918,HTTP Sampler page_1__non_title_3_https://www.advantageonlineshopping.com/catalog/api/v1/categories/4/products,200,,UC04 3-2,text,true,,2403,526,2,8,https://www.advantageonlineshopping.com/catalog/api/v1/categories/4/products,917,0,0
1732558923918,143,HTTP Sampler page_1__non_title_4_https://www.advantageonlineshopping.com/app/views/product-page.html,200,,UC04 3-2,text,true,,2818,493,2,8,https://www.advantageonlineshopping.com/app/views/product-page.html,143,0,0
1732558924062,161,Добавление товара в корзину,500,"Number of samples in transaction : 1, number of failing samples : 1",UC04 3-2,,false,,440,709,2,8,null,0,0,0
1732558924062,161,HTTP Sampler page_1__non_title_1_https://www.advantageonlineshopping.com/order/api/v1/carts/201712642/product/24/color/DD3A5B?quantity=2,500,,UC04 3-2,text,false,,440,709,2,8,https://www.advantageonlineshopping.com/order/api/v1/carts/-1/product/24/color/DD3A5B?quantity=2,161,0,0
